terrestrial_date,id,sol,ls,month,min_temp,pressure
8/16/2012,2,10,155,6,-75,739
8/17/2012,13,11,156,6,-76,740
8/18/2012,24,12,156,6,-76,741
8/19/2012,35,13,157,6,-74,732
8/20/2012,46,14,157,6,-74,740
8/21/2012,57,15,158,6,-78,740
8/22/2012,68,16,158,6,-77,740
8/23/2012,79,17,159,6,-76,742
8/27/2012,112,21,161,6,-74,741
8/28/2012,114,22,162,6,-74,742
8/29/2012,123,23,162,6,-75,741
8/30/2012,134,24,163,6,-75,742
8/31/2012,145,25,163,6,-75,743
9/1/2012,156,26,164,6,-76,745
9/2/2012,163,27,164,6,-75,743
9/3/2012,170,28,165,6,-75,745
9/4/2012,171,29,166,6,-75,747
9/5/2012,172,30,166,6,-74,747
9/6/2012,173,31,167,6,-74,745
9/8/2012,175,33,168,6,-73,748
9/10/2012,176,34,168,6,-73,748
9/11/2012,177,35,169,6,-73,749
9/12/2012,178,36,169,6,-73,750
9/13/2012,179,37,170,6,-73,750
9/14/2012,180,38,171,6,-73,750
9/15/2012,181,39,171,6,-75,751
9/16/2012,182,40,172,6,-75,753
9/17/2012,183,41,172,6,-75,753
9/18/2012,184,42,173,6,-75,754
9/19/2012,185,43,173,6,-74,756
9/20/2012,186,44,174,6,-75,757
9/21/2012,187,45,175,6,-74,758
9/22/2012,188,46,175,6,-74,758
9/23/2012,189,47,176,6,-75,758
9/24/2012,190,48,176,6,-75,759
9/25/2012,191,49,177,6,-74,761
9/26/2012,192,50,177,6,-72,761
9/27/2012,193,51,178,6,-76,762
9/28/2012,194,52,179,6,-74,762
9/29/2012,195,53,179,6,-71,764
9/30/2012,196,54,180,7,-72,766
10/1/2012,197,55,180,7,-74,766
10/2/2012,198,56,181,7,-73,768
10/3/2012,199,57,181,7,-73,769
10/4/2012,200,58,182,7,-74,769
10/5/2012,201,59,183,7,-76,771
10/6/2012,202,60,183,7,-75,772
10/7/2012,203,61,184,7,-72,772
10/8/2012,204,62,184,7,-72,774
10/9/2012,205,63,185,7,-73,775
10/10/2012,206,64,186,7,-74,776
10/11/2012,207,65,186,7,-72,777
10/12/2012,208,66,187,7,-73,778
10/13/2012,209,67,187,7,-73,780
10/14/2012,210,68,188,7,-71,781
10/15/2012,211,69,189,7,-73,778
10/17/2012,212,70,189,7,-72,783
10/18/2012,213,71,190,7,-71,784
10/19/2012,214,72,190,7,-73,785
10/20/2012,215,73,191,7,-70,788
10/21/2012,216,74,192,7,-72,790
10/22/2012,217,75,192,7,-73,791
10/23/2012,218,76,193,7,-73,792
10/24/2012,219,77,193,7,-71,792
10/25/2012,220,78,194,7,-71,793
10/26/2012,221,79,195,7,-73,795
10/27/2012,222,80,195,7,-70,796
10/28/2012,223,81,196,7,-72,798
10/29/2012,224,82,196,7,-72,799
10/30/2012,225,83,197,7,-72,801
10/31/2012,226,84,198,7,-70,801
11/1/2012,227,85,198,7,-71,805
11/2/2012,228,86,199,7,-71,808
11/3/2012,229,87,199,7,-70,808
11/4/2012,230,88,200,7,-70,811
11/5/2012,231,89,201,7,-73,813
11/6/2012,233,90,201,7,-71,813
11/7/2012,234,91,202,7,-74,817
11/8/2012,235,92,202,7,-74,820
11/9/2012,236,93,203,7,-72,819
11/10/2012,237,94,204,7,-70,822
11/11/2012,238,95,204,7,-68,822
11/12/2012,239,96,205,7,-71,826
11/13/2012,240,97,206,7,-68,828
11/14/2012,241,98,206,7,-68,828
11/15/2012,242,99,207,7,-68,829
11/16/2012,3,100,207,7,-66,829
11/17/2012,4,101,208,7,-65,830
11/18/2012,5,102,209,7,-67,833
11/19/2012,6,103,209,7,-66,836
11/20/2012,7,104,210,8,-67,838
11/21/2012,8,105,211,8,-66,839
11/23/2012,9,106,211,8,-66,841
11/24/2012,10,107,212,8,-66,844
11/25/2012,11,108,212,8,-65,845
11/26/2012,12,109,213,8,-64,844
11/27/2012,14,110,214,8,-65,848
11/28/2012,15,111,214,8,-66,849
11/29/2012,16,112,215,8,-65,852
11/30/2012,17,113,216,8,-66,857
12/1/2012,18,114,216,8,-69,857
12/2/2012,19,115,217,8,-66,857
12/3/2012,20,116,217,8,-67,859
12/4/2012,21,117,218,8,-66,861
12/5/2012,22,118,219,8,-65,864
12/6/2012,23,119,219,8,-66,866
12/7/2012,25,120,220,8,-67,867
12/8/2012,26,121,221,8,-66,869
12/9/2012,27,122,221,8,-65,869
12/10/2012,28,123,222,8,-66,875
12/11/2012,29,124,223,8,-66,876
12/12/2012,30,125,223,8,-68,880
12/13/2012,31,126,224,8,-66,880
12/14/2012,32,127,224,8,-67,884
12/15/2012,33,128,225,8,-67,883
12/16/2012,34,129,226,8,-65,886
12/17/2012,36,130,226,8,-65,888
12/18/2012,37,131,227,8,-65,889
12/19/2012,38,132,228,8,-65,890
12/20/2012,39,133,228,8,-65,891
12/21/2012,40,134,229,8,-67,893
12/22/2012,41,135,230,8,-65,894
12/23/2012,42,136,230,8,-65,897
12/24/2012,43,137,231,8,-64,896
12/25/2012,44,138,232,8,-65,899
12/26/2012,45,139,232,8,-66,899
12/27/2012,47,140,233,8,-66,903
12/28/2012,48,141,233,8,-64,904
12/29/2012,49,142,234,8,-65,906
12/31/2012,50,143,235,8,-63,908
1/1/2013,51,144,235,8,-64,907
1/2/2013,52,145,236,8,-64,909
1/3/2013,53,146,237,8,-65,908
1/4/2013,54,147,237,8,-65,914
1/5/2013,55,148,238,8,-65,912
1/6/2013,56,149,239,8,-65,914
1/7/2013,58,150,239,8,-64,913
1/8/2013,59,151,240,9,-65,915
1/9/2013,60,152,241,9,-63,914
1/10/2013,61,153,241,9,-65,915
1/11/2013,62,154,242,9,-65,917
1/12/2013,63,155,243,9,-64,917
1/13/2013,64,156,243,9,-65,922
1/14/2013,65,157,244,9,-64,920
1/15/2013,66,158,245,9,-66,922
1/16/2013,67,159,245,9,-65,918
1/17/2013,69,160,246,9,-67,919
1/18/2013,70,161,246,9,-65,919
1/19/2013,71,162,247,9,-65,919
1/20/2013,72,163,248,9,-65,919
1/21/2013,73,164,248,9,-64,919
1/22/2013,74,165,249,9,-65,922
1/23/2013,75,166,250,9,-65,922
1/24/2013,76,167,250,9,-65,920
1/25/2013,77,168,251,9,-66,923
1/26/2013,78,169,252,9,-66,922
1/27/2013,80,170,252,9,-66,925
1/28/2013,81,171,253,9,-67,925
1/29/2013,82,172,254,9,-67,923
1/30/2013,83,173,254,9,-67,920
1/31/2013,84,174,255,9,-67,921
2/1/2013,85,175,256,9,-68,921
2/2/2013,86,176,256,9,-67,920
2/3/2013,87,177,257,9,-66,921
2/4/2013,88,178,258,9,-66,920
2/6/2013,89,179,258,9,-66,920
2/7/2013,91,180,259,9,-67,919
2/8/2013,92,181,260,9,-67,918
2/9/2013,93,182,260,9,-67,921
2/10/2013,94,183,261,9,-67,921
2/11/2013,95,184,261,9,-67,923
2/12/2013,96,185,262,9,-67,923
2/13/2013,97,186,263,9,-66,922
2/14/2013,98,187,263,9,-67,921
2/15/2013,99,188,264,9,-68,920
2/16/2013,100,189,265,9,-68,920
2/17/2013,102,190,265,9,-66,917
2/18/2013,103,191,266,9,-67,921
2/23/2013,106,196,269,9,-66,916
2/24/2013,107,197,270,10,-68,915
2/25/2013,108,198,271,10,-67,914
2/26/2013,109,199,271,10,-66,917
3/23/2013,116,223,287,10,-71,895
3/24/2013,117,224,287,10,-69,894
3/25/2013,118,225,288,10,-71,894
3/26/2013,119,226,288,10,-70,894
3/27/2013,120,227,289,10,-70,892
3/28/2013,121,228,290,10,-71,894
3/29/2013,122,229,290,10,-69,894
3/30/2013,124,230,291,10,-69,888
3/31/2013,125,231,292,10,-71,890
4/1/2013,126,232,292,10,-69,888
4/2/2013,127,233,293,10,-69,889
4/3/2013,128,234,293,10,-69,890
4/4/2013,129,235,294,10,-70,886
4/5/2013,130,236,295,10,-72,886
4/6/2013,131,237,295,10,-71,883
4/7/2013,132,238,296,10,-70,885
4/8/2013,133,239,297,10,-73,885
4/9/2013,135,240,297,10,-70,884
4/10/2013,136,241,298,10,-72,884
4/11/2013,137,242,298,10,-70,881
4/12/2013,138,243,299,10,-71,884
4/13/2013,139,244,300,11,-69,878
4/14/2013,140,245,300,11,-70,879
4/15/2013,141,246,301,11,-73,878
4/16/2013,142,247,301,11,-71,873
4/17/2013,143,248,302,11,-70,877
4/18/2013,144,249,303,11,-69,873
4/19/2013,146,250,303,11,-70,877
4/20/2013,147,251,304,11,-71,876
4/22/2013,148,252,304,11,-71,874
4/23/2013,149,253,305,11,-71,877
4/24/2013,150,254,306,11,-70,871
4/25/2013,151,255,306,11,-69,877
4/26/2013,152,256,307,11,-70,871
4/27/2013,153,257,308,11,-70,871
4/28/2013,154,258,308,11,-71,869
4/29/2013,155,259,309,11,-72,871
4/30/2013,157,260,309,11,-70,875
5/1/2013,158,261,310,11,-70,868
5/8/2013,161,268,314,11,-70,864
5/9/2013,162,269,315,11,-72,866
5/10/2013,164,270,315,11,-67,863
5/11/2013,165,271,316,11,-69,864
5/12/2013,166,272,316,11,-71,864
5/13/2013,167,273,317,11,-70,861
5/14/2013,168,274,318,11,-70,861
5/15/2013,169,275,318,11,-67,860
5/16/2013,244,276,319,11,-69,858
5/17/2013,245,277,319,11,-69,857
5/18/2013,246,278,320,11,-67,855
5/19/2013,247,279,321,11,-68,856
5/20/2013,248,280,321,11,-69,856
5/21/2013,249,281,322,11,-68,855
5/22/2013,250,282,322,11,-72,856
5/23/2013,251,283,323,11,-68,854
5/24/2013,252,284,323,11,-71,854
5/25/2013,253,285,324,11,-70,852
5/26/2013,254,286,325,11,-71,854
5/27/2013,255,287,325,11,-72,856
5/29/2013,256,288,326,11,-69,854
5/30/2013,257,289,326,11,-71,854
5/31/2013,258,290,327,11,-71,853
6/1/2013,259,291,327,11,-70,853
6/2/2013,260,292,328,11,-71,853
6/3/2013,261,293,329,11,-72,850
6/4/2013,262,294,329,11,-72,852
6/5/2013,263,295,330,12,-71,853
6/6/2013,264,296,330,12,-71,850
6/7/2013,265,297,331,12,-72,849
6/8/2013,266,298,331,12,-72,850
6/9/2013,267,299,332,12,-71,849
6/10/2013,286,300,333,12,-72,852
6/11/2013,276,301,333,12,-73,852
6/12/2013,287,302,334,12,-71,850
6/13/2013,283,303,334,12,-71,849
6/14/2013,281,304,335,12,-70,848
6/15/2013,275,305,335,12,-71,847
6/16/2013,280,306,336,12,-71,848
6/17/2013,279,307,336,12,-72,851
6/18/2013,282,308,337,12,-73,850
6/19/2013,284,309,338,12,-72,848
6/20/2013,278,310,338,12,-71,849
6/21/2013,277,311,339,12,-74,846
6/22/2013,285,312,339,12,-71,845
6/23/2013,274,313,340,12,-77,849
6/24/2013,272,314,340,12,-73,848
6/25/2013,273,315,341,12,-74,850
6/26/2013,288,316,341,12,-74,851
6/27/2013,268,317,342,12,-72,849
6/28/2013,270,318,342,12,-74,849
6/29/2013,271,319,343,12,-73,847
6/30/2013,269,320,344,12,-74,846
7/1/2013,289,321,344,12,-75,847
7/2/2013,291,322,345,12,-74,849
7/3/2013,290,323,345,12,-74,847
7/4/2013,292,324,346,12,-75,850
7/6/2013,294,325,346,12,-74,847
7/7/2013,295,326,347,12,-72,848
7/8/2013,296,327,347,12,-74,848
7/9/2013,293,328,348,12,-75,847
7/10/2013,298,329,348,12,-74,847
7/11/2013,297,330,349,12,-75,848
7/12/2013,303,331,349,12,-74,848
7/13/2013,300,332,350,12,-76,849
7/14/2013,299,333,350,12,-75,849
7/15/2013,301,334,351,12,-74,852
7/16/2013,302,335,352,12,-76,852
7/17/2013,305,336,352,12,-76,852
7/18/2013,304,337,353,12,-75,853
7/19/2013,306,338,353,12,-78,848
7/20/2013,308,339,354,12,-76,849
7/21/2013,307,340,354,12,-76,851
7/22/2013,310,341,355,12,-77,852
7/23/2013,309,342,355,12,-76,851
7/24/2013,311,343,356,12,-77,850
7/25/2013,317,344,356,12,-77,851
7/26/2013,312,345,357,12,-77,853
7/27/2013,314,346,357,12,-76,853
7/28/2013,313,347,358,12,-77,851
7/29/2013,315,348,358,12,-74,850
7/30/2013,316,349,359,12,-75,852
7/31/2013,318,350,359,12,-76,853
8/1/2013,320,351,0,1,-75,853
8/2/2013,319,352,0,1,-77,854
8/3/2013,323,353,1,1,-75,855
8/4/2013,322,354,1,1,-75,857
8/5/2013,321,355,2,1,-75,857
8/6/2013,324,356,2,1,-77,856
8/7/2013,325,357,3,1,-76,857
8/17/2013,326,366,7,1,-76,861
8/18/2013,328,367,8,1,-76,862
8/19/2013,330,368,8,1,-77,863
8/20/2013,331,369,9,1,-75,865
8/21/2013,332,370,9,1,-79,865
8/22/2013,333,371,10,1,-77,865
8/23/2013,334,372,10,1,-76,866
8/24/2013,335,373,11,1,-79,866
8/25/2013,337,374,11,1,-79,866
8/26/2013,336,375,12,1,-77,867
8/27/2013,340,376,12,1,-78,870
8/28/2013,338,377,13,1,-78,870
8/29/2013,339,378,13,1,-78,869
8/30/2013,341,379,14,1,-79,870
8/31/2013,343,380,14,1,-79,870
9/1/2013,345,381,15,1,-79,871
9/2/2013,344,382,15,1,-76,872
9/3/2013,342,383,16,1,-77,874
9/4/2013,346,384,16,1,-77,875
9/5/2013,351,385,17,1,-78,874
9/6/2013,347,386,17,1,-77,873
9/7/2013,349,387,18,1,-78,874
9/8/2013,350,388,18,1,-79,875
9/9/2013,348,389,19,1,-79,875
9/10/2013,352,390,19,1,-78,875
9/11/2013,353,391,20,1,-78,875
9/12/2013,354,392,20,1,-77,876
9/13/2013,355,393,21,1,-76,877
9/14/2013,356,394,21,1,-79,878
9/15/2013,357,395,22,1,-77,878
9/16/2013,358,396,22,1,-78,879
9/18/2013,359,397,23,1,-75,880
9/19/2013,360,398,23,1,-79,880
9/20/2013,361,399,24,1,-79,881
9/21/2013,363,400,24,1,-79,881
9/22/2013,362,401,25,1,-79,882
9/23/2013,365,402,25,1,-78,883
9/24/2013,364,403,25,1,-80,883
9/25/2013,367,404,26,1,-78,884
9/26/2013,366,405,26,1,-82,885
9/27/2013,374,406,27,1,-81,886
9/28/2013,370,407,27,1,-81,887
9/29/2013,369,408,28,1,-80,887
9/30/2013,368,409,28,1,-81,887
10/1/2013,373,410,29,1,-81,888
10/2/2013,372,411,29,1,-82,887
10/3/2013,371,412,30,2,-80,888
10/4/2013,376,413,30,2,-82,888
10/5/2013,375,414,31,2,-79,889
10/6/2013,377,415,31,2,-82,890
10/7/2013,378,416,32,2,-79,889
10/8/2013,379,417,32,2,-82,890
10/9/2013,380,418,33,2,-79,891
10/10/2013,381,419,33,2,-82,891
10/11/2013,385,420,33,2,-80,892
10/12/2013,382,421,34,2,-81,890
10/13/2013,384,422,34,2,-82,891
10/14/2013,383,423,35,2,-81,892
10/15/2013,386,424,35,2,-81,893
10/16/2013,393,425,36,2,-81,893
10/17/2013,388,426,36,2,-79,893
10/18/2013,392,427,37,2,-81,893
10/19/2013,391,428,37,2,-81,894
10/20/2013,387,429,38,2,-82,895
10/21/2013,390,430,38,2,-82,896
10/22/2013,389,431,39,2,-83,895
10/23/2013,395,432,39,2,-80,896
10/24/2013,394,433,40,2,-81,895
10/26/2013,397,434,40,2,-80,896
10/27/2013,396,435,40,2,-81,896
10/28/2013,398,436,41,2,-81,897
10/29/2013,399,437,41,2,-82,898
10/30/2013,400,438,42,2,-79,899
10/31/2013,401,439,42,2,-80,899
11/1/2013,404,440,43,2,-80,899
11/2/2013,402,441,43,2,-81,900
11/3/2013,405,442,44,2,-80,900
11/4/2013,403,443,44,2,-81,901
11/16/2013,407,455,50,2,-84,905
11/17/2013,406,456,50,2,-83,905
11/24/2013,409,463,53,2,-86,906
11/25/2013,410,464,54,2,-84,906
11/26/2013,412,465,54,2,-85,906
11/27/2013,415,466,55,2,-85,907
11/28/2013,411,467,55,2,-84,907
11/29/2013,414,468,55,2,-85,907
11/30/2013,413,469,56,2,-85,908
12/2/2013,475,470,56,2,-85,907
12/3/2013,479,471,57,2,-84,906
12/4/2013,416,472,57,2,-84,907
12/5/2013,417,473,58,2,-86,907
12/6/2013,420,474,58,2,-84,906
12/7/2013,419,475,59,2,-85,906
12/8/2013,418,476,59,2,-85,906
12/9/2013,421,477,60,3,-85,907
12/18/2013,422,486,64,3,-84,904
12/19/2013,473,487,64,3,-85,904
12/20/2013,480,488,64,3,-87,903
12/21/2013,423,489,65,3,-85,904
12/22/2013,434,490,65,3,-87,903
12/23/2013,433,491,66,3,-86,903
12/24/2013,427,492,66,3,-86,903
12/25/2013,426,493,67,3,-84,902
12/26/2013,429,494,67,3,-85,902
12/27/2013,431,495,68,3,-86,900
12/28/2013,428,496,68,3,-85,901
12/29/2013,425,497,69,3,-86,901
12/30/2013,424,498,69,3,-86,901
12/31/2013,432,499,69,3,-84,899
1/1/2014,430,500,70,3,-85,897
1/2/2014,435,501,70,3,-86,898
1/3/2014,437,502,71,3,-87,898
1/4/2014,483,503,71,3,-86,897
1/5/2014,436,504,72,3,-85,895
1/6/2014,438,505,72,3,-85,895
1/8/2014,439,506,73,3,-86,894
1/9/2014,440,507,73,3,-85,894
1/10/2014,442,508,73,3,-83,893
1/11/2014,443,509,74,3,-86,895
1/12/2014,441,510,74,3,-85,892
1/13/2014,446,511,75,3,-85,892
1/14/2014,444,512,75,3,-86,890
1/15/2014,445,513,76,3,-86,889
1/16/2014,447,514,76,3,-86,888
1/17/2014,450,515,77,3,-86,888
1/18/2014,449,516,77,3,-86,888
1/19/2014,448,517,77,3,-86,885
1/20/2014,451,518,78,3,-85,885
1/21/2014,452,519,78,3,-86,884
1/22/2014,453,520,79,3,-86,884
1/23/2014,454,521,79,3,-87,882
1/24/2014,455,522,80,3,-85,881
1/25/2014,458,523,80,3,-85,881
1/26/2014,457,524,81,3,-85,880
1/27/2014,456,525,81,3,-87,878
1/28/2014,459,526,82,3,-87,878
1/29/2014,460,527,82,3,-86,877
1/30/2014,461,528,82,3,-86,876
1/31/2014,462,529,83,3,-87,875
2/1/2014,463,530,83,3,-87,873
2/2/2014,465,531,84,3,-87,872
2/3/2014,464,532,84,3,-88,872
2/4/2014,466,533,85,3,-87,871
2/5/2014,467,534,85,3,-86,869
2/6/2014,468,535,86,3,-88,868
2/7/2014,470,536,86,3,-83,867
2/8/2014,469,537,86,3,-83,865
2/9/2014,472,538,87,3,-85,865
2/10/2014,476,539,87,3,-85,864
2/11/2014,481,540,88,3,-84,862
2/12/2014,482,541,88,3,-84,861
2/13/2014,477,542,89,3,-85,859
2/15/2014,486,543,89,3,-84,858
2/16/2014,487,544,90,4,-86,857
2/17/2014,490,545,90,4,-85,856
2/18/2014,489,546,91,4,-85,855
2/19/2014,488,547,91,4,-85,853
2/20/2014,491,548,91,4,-86,852
2/21/2014,492,549,92,4,-87,851
2/22/2014,494,550,92,4,-85,850
2/23/2014,495,551,93,4,-85,848
2/24/2014,493,552,93,4,-86,847
2/25/2014,496,553,94,4,-84,845
2/26/2014,497,554,94,4,-84,843
2/27/2014,499,555,95,4,-85,843
2/28/2014,501,556,95,4,-85,842
3/1/2014,498,557,96,4,-85,840
3/2/2014,500,558,96,4,-85,839
3/3/2014,502,559,96,4,-85,838
3/4/2014,503,560,97,4,-86,836
3/5/2014,504,561,97,4,-85,835
3/6/2014,506,562,98,4,-85,834
3/7/2014,505,563,98,4,-87,833
3/8/2014,509,564,99,4,-86,831
3/9/2014,508,565,99,4,-85,830
3/10/2014,507,566,100,4,-86,829
3/11/2014,510,567,100,4,-86,827
3/12/2014,511,568,101,4,-86,825
3/13/2014,512,569,101,4,-85,825
3/14/2014,513,570,102,4,-84,823
3/15/2014,515,571,102,4,-84,821
3/16/2014,514,572,102,4,-85,820
3/17/2014,516,573,103,4,-84,819
3/18/2014,517,574,103,4,-85,817
3/19/2014,518,575,104,4,-82,816
3/20/2014,520,576,104,4,-84,815
3/21/2014,519,577,105,4,-84,813
3/22/2014,521,578,105,4,-83,812
3/24/2014,522,579,106,4,-82,811
3/25/2014,523,580,106,4,-83,810
3/26/2014,524,581,107,4,-84,808
3/27/2014,525,582,107,4,-84,807
3/28/2014,526,583,108,4,-82,806
3/29/2014,528,584,108,4,-82,804
3/30/2014,527,585,109,4,-83,802
3/31/2014,529,586,109,4,-82,802
4/1/2014,530,587,109,4,-85,801
4/2/2014,532,588,110,4,-84,799
4/3/2014,531,589,110,4,-85,798
4/4/2014,535,590,111,4,-82,797
4/5/2014,533,591,111,4,-82,795
4/6/2014,534,592,112,4,-83,795
4/7/2014,536,593,112,4,-83,795
4/8/2014,537,594,113,4,-83,793
4/9/2014,538,595,113,4,-83,792
4/10/2014,539,596,114,4,-82,791
4/11/2014,540,597,114,4,-84,790
4/12/2014,542,598,115,4,-84,787
4/13/2014,543,599,115,4,-84,788
4/14/2014,541,600,116,4,-81,787
4/15/2014,544,601,116,4,-82,785
4/16/2014,545,602,117,4,-82,784
4/17/2014,548,603,117,4,-83,783
4/18/2014,546,604,118,4,-84,782
4/19/2014,547,605,118,4,-83,781
4/20/2014,549,606,118,4,-84,780
4/21/2014,550,607,119,4,-83,779
4/22/2014,551,608,119,4,-85,777
4/23/2014,552,609,120,5,-84,777
4/24/2014,554,610,120,5,-85,776
4/25/2014,555,611,121,5,-84,775
4/26/2014,553,612,121,5,-85,774
4/27/2014,556,613,122,5,-84,773
4/28/2014,557,614,122,5,-82,772
4/29/2014,558,615,123,5,-83,771
5/1/2014,559,616,123,5,-82,769
5/2/2014,561,617,124,5,-84,769
5/3/2014,562,618,124,5,-83,769
5/4/2014,560,619,125,5,-82,766
5/5/2014,563,620,125,5,-83,765
5/6/2014,564,621,126,5,-82,765
5/7/2014,565,622,126,5,-84,763
5/8/2014,566,623,127,5,-83,763
5/9/2014,568,624,127,5,-82,762
5/10/2014,569,625,128,5,-81,761
5/11/2014,567,626,128,5,-82,760
5/12/2014,570,627,129,5,-82,759
5/13/2014,571,628,129,5,-81,759
5/14/2014,572,629,130,5,-84,759
5/15/2014,573,630,130,5,-82,757
5/16/2014,576,631,131,5,-81,756
5/17/2014,575,632,131,5,-79,755
5/18/2014,574,633,132,5,-81,754
5/19/2014,577,634,132,5,-82,753
5/20/2014,578,635,133,5,-82,754
5/21/2014,582,636,133,5,-81,752
5/22/2014,580,637,134,5,-80,752
5/23/2014,579,638,134,5,-80,751
5/24/2014,581,639,135,5,-80,750
5/25/2014,583,640,135,5,-81,750
5/26/2014,584,641,136,5,-81,749
5/27/2014,585,642,136,5,-80,749
5/28/2014,586,643,137,5,-80,748
5/29/2014,588,644,137,5,-80,748
5/30/2014,589,645,138,5,-81,746
5/31/2014,587,646,138,5,-81,746
6/1/2014,590,647,139,5,-79,746
6/2/2014,591,648,139,5,-80,746
6/3/2014,592,649,140,5,-79,745
6/4/2014,593,650,140,5,-80,743
6/5/2014,595,651,141,5,-80,743
6/7/2014,594,652,141,5,-79,745
6/8/2014,596,653,142,5,-80,744
6/9/2014,597,654,142,5,-79,742
6/10/2014,598,655,143,5,-77,741
6/11/2014,599,656,143,5,-80,740
6/12/2014,600,657,144,5,-79,739
6/13/2014,602,658,144,5,-79,739
6/14/2014,603,659,145,5,-77,738
6/15/2014,601,660,145,5,-78,735
6/16/2014,604,661,146,5,-76,735
6/17/2014,605,662,146,5,-77,735
6/18/2014,609,663,147,5,-77,734
6/19/2014,607,664,147,5,-78,732
6/20/2014,610,665,148,5,-78,735
6/21/2014,608,666,148,5,-77,736
6/22/2014,606,667,149,5,-76,736
6/23/2014,611,668,150,6,-75,734
6/24/2014,613,669,150,6,-84,735
6/25/2014,612,670,151,6,-79,737
6/26/2014,614,671,151,6,-79,740
6/27/2014,615,672,152,6,-78,739
6/28/2014,616,673,152,6,-78,738
6/29/2014,617,674,153,6,-80,739
6/30/2014,618,675,153,6,-80,740
7/1/2014,619,676,154,6,-80,738
7/2/2014,622,677,154,6,-78,737
7/3/2014,621,678,155,6,-77,739
7/4/2014,624,679,155,6,-77,738
7/5/2014,620,680,156,6,-76,740
7/6/2014,623,681,156,6,-79,738
7/7/2014,625,682,157,6,-77,739
7/8/2014,626,683,158,6,-79,741
7/9/2014,627,684,158,6,-75,741
7/10/2014,628,685,159,6,-77,740
7/11/2014,629,686,159,6,-76,738
7/12/2014,630,687,160,6,-77,739
7/14/2014,631,688,160,6,-77,741
7/15/2014,632,689,161,6,-76,742
7/16/2014,633,690,161,6,-77,741
7/17/2014,634,691,162,6,-76,741
7/18/2014,637,692,162,6,-76,742
7/19/2014,636,693,163,6,-76,741
7/20/2014,635,694,164,6,-75,740
7/21/2014,638,695,164,6,-76,741
7/22/2014,639,696,165,6,-75,743
7/23/2014,640,697,165,6,-74,743
7/24/2014,641,698,166,6,-77,743
7/25/2014,642,699,166,6,-76,744
7/26/2014,643,700,167,6,-75,745
7/27/2014,644,701,167,6,-77,745
7/28/2014,645,702,168,6,-76,745
7/29/2014,646,703,169,6,-75,747
7/30/2014,647,704,169,6,-75,747
7/31/2014,648,705,170,6,-76,746
8/1/2014,650,706,170,6,-76,748
8/2/2014,651,707,171,6,-76,749
8/3/2014,649,708,171,6,-76,749
8/4/2014,652,709,172,6,-73,750
8/5/2014,653,710,172,6,-77,751
8/6/2014,654,711,173,6,-75,751
8/7/2014,658,712,174,6,-77,752
8/8/2014,656,713,174,6,-76,754
8/9/2014,655,714,175,6,-76,754
8/10/2014,657,715,175,6,-73,755
8/11/2014,659,716,176,6,-75,755
8/12/2014,661,717,176,6,-76,756
8/13/2014,660,718,177,6,-77,757
8/14/2014,662,719,178,6,-77,758
8/15/2014,663,720,178,6,-74,760
8/16/2014,664,721,179,6,-73,761
8/17/2014,665,722,179,6,-74,760
8/18/2014,666,723,180,7,-73,761
8/19/2014,667,724,181,7,-74,763
8/21/2014,669,725,181,7,-73,764
8/22/2014,668,726,182,7,-75,766
8/23/2014,671,727,182,7,-76,766
8/24/2014,670,728,183,7,-74,766
8/25/2014,672,729,183,7,-75,768
8/26/2014,676,730,184,7,-76,770
8/27/2014,673,731,185,7,-75,771
8/28/2014,677,732,185,7,-75,773
8/29/2014,674,733,186,7,-74,773
8/30/2014,675,734,186,7,-73,776
8/31/2014,678,735,187,7,-73,776
9/1/2014,679,736,188,7,-76,776
9/2/2014,680,737,188,7,-74,777
9/3/2014,681,738,189,7,-75,778
9/4/2014,682,739,189,7,-77,779
9/5/2014,685,740,190,7,-76,782
9/6/2014,683,741,191,7,-70,784
9/7/2014,684,742,191,7,-72,784
9/8/2014,686,743,192,7,-72,786
9/9/2014,687,744,192,7,-75,786
9/10/2014,689,745,193,7,-74,787
9/11/2014,688,746,194,7,-76,788
9/12/2014,691,747,194,7,-73,789
9/13/2014,690,748,195,7,-71,791
9/14/2014,692,749,195,7,-73,794
9/15/2014,693,750,196,7,-72,796
9/16/2014,695,751,197,7,-72,797
9/17/2014,694,752,197,7,-71,798
9/18/2014,698,753,198,7,-73,800
9/19/2014,696,754,198,7,-73,802
9/20/2014,697,755,199,7,-74,806
9/21/2014,699,756,200,7,-73,806
9/22/2014,700,757,200,7,-73,807
9/23/2014,701,758,201,7,-71,810
9/24/2014,702,759,201,7,-77,809
9/25/2014,704,760,202,7,-70,810
9/27/2014,705,761,203,7,-72,814
9/28/2014,703,762,203,7,-75,814
9/29/2014,706,763,204,7,-78,817
9/30/2014,707,764,205,7,-73,821
10/1/2014,708,765,205,7,-73,820
10/2/2014,709,766,206,7,-70,824
10/3/2014,710,767,206,7,-71,824
10/4/2014,712,768,207,7,-73,826
10/5/2014,711,769,208,7,-73,829
10/6/2014,713,770,208,7,-70,829
10/7/2014,714,771,209,7,-71,836
10/8/2014,715,772,210,8,-71,835
10/9/2014,716,773,210,8,-70,838
10/10/2014,719,774,211,8,-73,838
10/11/2014,717,775,211,8,-71,838
10/12/2014,718,776,212,8,-72,841
10/13/2014,720,777,213,8,-72,841
10/14/2014,721,778,213,8,-70,846
10/15/2014,722,779,214,8,-71,845
10/16/2014,723,780,215,8,-72,852
10/17/2014,725,781,215,8,-74,849
10/18/2014,724,782,216,8,-71,854
10/19/2014,727,783,216,8,-69,853
10/20/2014,726,784,217,8,-69,857
10/21/2014,728,785,218,8,-74,858
10/22/2014,729,786,218,8,-74,861
10/23/2014,732,787,219,8,-73,860
10/24/2014,731,788,220,8,-68,862
10/25/2014,730,789,220,8,-68,862
10/26/2014,733,790,221,8,-68,864
10/27/2014,734,791,222,8,-70,867
10/28/2014,735,792,222,8,-71,873
10/29/2014,736,793,223,8,-71,877
10/30/2014,739,794,223,8,-68,874
10/31/2014,738,795,224,8,-68,875
11/1/2014,737,796,225,8,-65,877
11/3/2014,740,797,225,8,-65,879
11/4/2014,741,798,226,8,-67,883
11/5/2014,743,799,227,8,-70,884
11/6/2014,742,800,227,8,-67,884
11/7/2014,746,801,228,8,-70,884
11/8/2014,745,802,229,8,-69,887
11/9/2014,744,803,229,8,-69,888
11/10/2014,747,804,230,8,-73,891
11/11/2014,748,805,231,8,-70,893
11/12/2014,750,806,231,8,-69,893
11/13/2014,749,807,232,8,-71,892
11/14/2014,752,808,232,8,-67,893
11/15/2014,753,809,233,8,-70,895
11/16/2014,751,810,234,8,-69,897
11/17/2014,754,811,234,8,-71,900
11/18/2014,755,812,235,8,-75,902
11/19/2014,756,813,236,8,-67,904
11/20/2014,757,814,236,8,-68,902
11/21/2014,759,815,237,8,-69,905
11/22/2014,758,816,238,8,-74,909
11/23/2014,761,817,238,8,-69,913
11/24/2014,760,818,239,8,-68,914
11/25/2014,763,819,240,9,-71,913
11/26/2014,765,820,240,9,-68,910
11/27/2014,762,821,241,9,-68,910
11/28/2014,764,822,242,9,-71,911
11/29/2014,766,823,242,9,-69,912
11/30/2014,768,824,243,9,-67,914
12/1/2014,767,825,243,9,-67,914
12/2/2014,770,826,244,9,-68,914
12/3/2014,769,827,245,9,-68,911
12/4/2014,771,828,245,9,-71,914
12/5/2014,773,829,246,9,-71,914
12/6/2014,772,830,247,9,-68,918
12/7/2014,774,831,247,9,-68,920
12/8/2014,775,832,248,9,-68,924
12/9/2014,776,833,249,9,-69,923
12/11/2014,777,834,249,9,-68,918
12/12/2014,780,835,250,9,-69,917
12/13/2014,778,836,251,9,-69,916
12/14/2014,779,837,251,9,-69,916
12/15/2014,782,838,252,9,-69,917
12/16/2014,781,839,253,9,-70,917
12/17/2014,783,840,253,9,-74,913
12/18/2014,784,841,254,9,-75,914
12/19/2014,790,842,255,9,-69,914
12/20/2014,793,843,255,9,-69,916
12/21/2014,788,844,256,9,-68,917
12/22/2014,786,845,257,9,-73,920
12/23/2014,785,846,257,9,-74,925
12/24/2014,791,847,258,9,-69,918
12/25/2014,792,848,258,9,-69,918
12/26/2014,787,849,259,9,-69,918
12/27/2014,789,850,260,9,-68,918
12/28/2014,794,851,260,9,-68,919
12/29/2014,797,852,261,9,-73,916
12/30/2014,796,853,262,9,-67,913
12/31/2014,798,854,262,9,-66,910
1/1/2015,799,855,263,9,-69,912
1/2/2015,795,856,264,9,-68,912
1/3/2015,801,857,264,9,-76,911
1/4/2015,800,858,265,9,-73,913
1/5/2015,802,859,266,9,-72,915
1/6/2015,803,860,266,9,-69,916
1/7/2015,804,861,267,9,-70,917
1/8/2015,807,862,268,9,-70,917
1/9/2015,805,863,268,9,-72,916
1/10/2015,806,864,269,9,-70,914
1/11/2015,808,865,270,10,-70,913
1/12/2015,809,866,270,10,-71,911
1/13/2015,810,867,271,10,-71,910
1/14/2015,811,868,271,10,-71,908
1/15/2015,812,869,272,10,-72,906
1/17/2015,813,870,273,10,-74,909
1/18/2015,814,871,273,10,-70,903
1/19/2015,815,872,274,10,-72,902
1/28/2015,817,881,280,10,-73,899
1/29/2015,818,882,280,10,-76,901
1/30/2015,820,883,281,10,-74,897
1/31/2015,821,884,282,10,-71,897
2/1/2015,819,885,282,10,-71,895
2/2/2015,823,886,283,10,-73,894
2/3/2015,822,887,284,10,-73,897
2/4/2015,824,888,284,10,-70,896
2/5/2015,825,889,285,10,-70,895
2/6/2015,826,890,286,10,-72,892
2/7/2015,827,891,286,10,-72,892
2/8/2015,828,892,287,10,-71,892
2/9/2015,829,893,287,10,-72,890
2/10/2015,830,894,288,10,-75,891
2/11/2015,831,895,289,10,-72,889
2/12/2015,833,896,289,10,-70,888
2/13/2015,832,897,290,10,-72,884
2/14/2015,834,898,291,10,-72,883
2/15/2015,835,899,291,10,-75,881
2/16/2015,836,900,292,10,-70,883
2/17/2015,837,901,292,10,-71,885
2/18/2015,838,902,293,10,-68,883
2/19/2015,839,903,294,10,-71,882
2/20/2015,841,904,294,10,-71,878
2/21/2015,840,905,295,10,-71,880
2/22/2015,843,906,296,10,-76,878
2/24/2015,842,907,296,10,-75,879
2/25/2015,844,908,297,10,-71,883
2/26/2015,845,909,297,10,-70,878
2/27/2015,847,910,298,10,-73,878
2/28/2015,846,911,299,10,-70,874
3/1/2015,849,912,299,10,-75,875
3/2/2015,848,913,300,11,-71,871
3/3/2015,850,914,300,11,-71,874
3/4/2015,851,915,301,11,-71,878
3/5/2015,852,916,302,11,-71,872
3/6/2015,854,917,302,11,-76,871
3/7/2015,853,918,303,11,-71,867
3/8/2015,855,919,304,11,-74,870
3/9/2015,856,920,304,11,-72,868
3/10/2015,857,921,305,11,-70,867
3/11/2015,858,922,305,11,-73,870
3/12/2015,859,923,306,11,-72,867
3/13/2015,861,924,307,11,-74,867
3/14/2015,860,925,307,11,-71,862
3/15/2015,862,926,308,11,-76,864
3/16/2015,863,927,308,11,-76,862
3/17/2015,864,928,309,11,-72,862
3/18/2015,865,929,310,11,-75,866
3/19/2015,868,930,310,11,-75,865
3/20/2015,867,931,311,11,-69,864
3/21/2015,866,932,311,11,-71,859
3/22/2015,869,933,312,11,-71,863
3/23/2015,870,934,313,11,-73,858
3/24/2015,872,935,313,11,-75,862
3/25/2015,871,936,314,11,-72,865
3/26/2015,874,937,314,11,-73,863
3/29/2015,876,940,316,11,-73,861
3/30/2015,875,941,317,11,-74,857
3/31/2015,880,942,317,11,-74,857
4/2/2015,877,943,318,11,-73,854
4/3/2015,878,944,318,11,-70,852
4/4/2015,881,945,319,11,-72,851
4/5/2015,879,946,320,11,-77,850
4/6/2015,882,947,320,11,-70,853
4/7/2015,883,948,321,11,-73,854
4/8/2015,884,949,321,11,-72,851
4/9/2015,885,950,322,11,-73,850
4/10/2015,888,951,323,11,-75,849
4/11/2015,886,952,323,11,-69,847
4/12/2015,887,953,324,11,-71,847
4/13/2015,889,954,324,11,-73,847
4/17/2015,892,958,327,11,-74,848
4/18/2015,891,959,327,11,-78,846
4/19/2015,893,960,328,11,-76,846
4/20/2015,895,961,328,11,-71,849
4/21/2015,894,962,329,11,-73,845
4/22/2015,896,963,329,11,-71,850
4/23/2015,897,964,330,12,-72,847
4/24/2015,898,965,331,12,-75,847
4/25/2015,900,966,331,12,-73,850
4/26/2015,899,967,332,12,-74,844
4/27/2015,901,968,332,12,-71,848
4/28/2015,902,969,333,12,-72,844
4/29/2015,903,970,333,12,-71,849
4/30/2015,906,971,334,12,-71,848
5/1/2015,904,972,334,12,-73,847
5/2/2015,905,973,335,12,-72,844
5/3/2015,907,974,336,12,-73,842
5/4/2015,908,975,336,12,-73,843
5/5/2015,909,976,337,12,-75,842
5/6/2015,910,977,337,12,-75,841
5/7/2015,913,978,338,12,-73,842
5/9/2015,912,979,338,12,-79,841
5/10/2015,911,980,339,12,-73,840
5/11/2015,914,981,339,12,-73,841
5/12/2015,917,982,340,12,-74,840
5/13/2015,916,983,340,12,-76,840
5/14/2015,915,984,341,12,-74,840
5/15/2015,918,985,342,12,-78,840
5/16/2015,919,986,342,12,-74,840
5/17/2015,920,987,343,12,-74,839
5/18/2015,922,988,343,12,-75,840
5/19/2015,921,989,344,12,-74,841
5/20/2015,923,990,344,12,-76,839
5/21/2015,926,991,345,12,-73,840
5/22/2015,924,992,345,12,-73,842
5/23/2015,927,993,346,12,-73,840
5/24/2015,925,994,346,12,-79,842
5/25/2015,929,995,347,12,-74,842
5/26/2015,928,996,348,12,-72,842
5/27/2015,930,997,348,12,-74,843
5/28/2015,931,998,349,12,-73,842
5/30/2015,932,1000,350,12,-74,841
5/31/2015,933,1001,350,12,-79,843
6/1/2015,936,1002,351,12,-77,844
6/2/2015,934,1003,351,12,-74,843
6/3/2015,935,1004,352,12,-74,842
6/4/2015,939,1005,352,12,-75,843
6/5/2015,941,1006,353,12,-78,844
6/6/2015,937,1007,353,12,-79,845
6/7/2015,940,1008,354,12,-79,844
6/8/2015,946,1009,354,12,-75,845
6/9/2015,947,1010,355,12,-74,846
6/10/2015,948,1011,355,12,-78,845
6/11/2015,949,1012,356,12,-81,846
6/12/2015,953,1013,356,12,-80,846
6/13/2015,950,1014,357,12,-77,846
6/14/2015,951,1015,357,12,-75,847
6/16/2015,952,1016,358,12,-76,847
6/17/2015,955,1017,359,12,-78,850
6/18/2015,956,1018,359,12,-79,850
6/19/2015,954,1019,0,1,-81,849
6/20/2015,938,1020,0,1,-63,832
6/21/2015,942,1021,1,1,-76,850
6/22/2015,944,1022,1,1,-75,852
6/23/2015,943,1023,2,1,-76,851
6/24/2015,945,1024,2,1,-76,851
6/25/2015,958,1025,3,1,-74,851
6/26/2015,957,1026,3,1,-78,851
6/28/2015,960,1028,4,1,-75,853
6/29/2015,959,1029,5,1,-75,856
6/30/2015,961,1030,5,1,-77,855
7/1/2015,963,1031,6,1,-76,854
7/2/2015,962,1032,6,1,-74,854
7/3/2015,965,1033,7,1,-77,856
7/4/2015,964,1034,7,1,-76,859
7/5/2015,966,1035,8,1,-77,857
7/6/2015,967,1036,8,1,-76,856
7/7/2015,968,1037,9,1,-80,856
7/8/2015,969,1038,9,1,-76,858
7/9/2015,970,1039,10,1,-77,857
7/10/2015,972,1040,10,1,-77,858
7/11/2015,971,1041,11,1,-77,859
7/12/2015,973,1042,11,1,-76,859
7/13/2015,974,1043,12,1,-77,860
7/14/2015,975,1044,12,1,-79,860
7/15/2015,978,1045,13,1,-80,861
7/16/2015,979,1046,13,1,-77,862
7/17/2015,977,1047,14,1,-77,863
7/18/2015,976,1048,14,1,-78,864
7/19/2015,980,1049,15,1,-75,864
7/20/2015,981,1050,15,1,-76,863
7/21/2015,983,1051,16,1,-76,864
7/23/2015,982,1052,16,1,-78,865
7/24/2015,984,1053,17,1,-79,865
7/25/2015,985,1054,17,1,-77,867
7/26/2015,987,1055,17,1,-77,868
7/27/2015,986,1056,18,1,-76,868
7/28/2015,988,1057,18,1,-78,867
7/29/2015,989,1058,19,1,-78,868
7/30/2015,990,1059,19,1,-78,870
7/31/2015,992,1060,20,1,-78,870
8/1/2015,993,1061,20,1,-77,871
8/2/2015,991,1062,21,1,-77,871
8/3/2015,994,1063,21,1,-79,871
8/4/2015,996,1064,22,1,-77,871
8/5/2015,995,1065,22,1,-78,873
8/6/2015,997,1066,23,1,-78,875
8/7/2015,998,1067,23,1,-79,875
8/8/2015,1000,1068,24,1,-76,874
8/9/2015,999,1069,24,1,-77,876
8/10/2015,1001,1070,25,1,-80,877
8/11/2015,1002,1071,25,1,-78,878
8/12/2015,1003,1072,26,1,-78,879
8/13/2015,1004,1073,26,1,-82,879
8/14/2015,1005,1074,27,1,-77,878
8/15/2015,1006,1075,27,1,-77,879
8/16/2015,1007,1076,28,1,-81,880
8/17/2015,1008,1077,28,1,-79,880
8/18/2015,1009,1078,29,1,-80,881
8/19/2015,1010,1079,29,1,-80,882
8/20/2015,1013,1080,29,1,-77,882
8/21/2015,1011,1081,30,2,-77,882
8/22/2015,1012,1082,30,2,-79,882
8/23/2015,1014,1083,31,2,-80,883
8/24/2015,1015,1084,31,2,-78,885
8/25/2015,1017,1085,32,2,-79,886
8/26/2015,1016,1086,32,2,-77,885
8/27/2015,1019,1087,33,2,-78,885
8/29/2015,1020,1088,33,2,-77,885
8/30/2015,1018,1089,34,2,-76,885
8/31/2015,1021,1090,34,2,-78,886
9/1/2015,1022,1091,35,2,-77,886
9/2/2015,1023,1092,35,2,-79,886
9/3/2015,1024,1093,36,2,-77,887
9/4/2015,1026,1094,36,2,-80,888
9/5/2015,1027,1095,36,2,-79,888
9/6/2015,1025,1096,37,2,-79,888
9/7/2015,1028,1097,37,2,-78,889
9/8/2015,1029,1098,38,2,-77,890
9/9/2015,1030,1099,38,2,-78,891
9/10/2015,1031,1100,39,2,-79,890
9/11/2015,1034,1101,39,2,-80,891
9/12/2015,1032,1102,40,2,-84,892
9/13/2015,1033,1103,40,2,-81,893
9/14/2015,1035,1104,41,2,-79,893
9/15/2015,1036,1105,41,2,-78,892
9/16/2015,1037,1106,42,2,-82,893
9/17/2015,1040,1107,42,2,-79,893
9/18/2015,1038,1108,42,2,-78,895
9/19/2015,1039,1109,43,2,-82,895
9/20/2015,1041,1110,43,2,-81,895
9/21/2015,1042,1111,44,2,-79,896
9/22/2015,1043,1112,44,2,-80,895
9/23/2015,1044,1113,45,2,-79,895
9/24/2015,1045,1114,45,2,-79,896
9/25/2015,1047,1115,46,2,-80,897
9/26/2015,1046,1116,46,2,-79,898
9/27/2015,1048,1117,47,2,-79,898
9/28/2015,1049,1118,47,2,-80,898
9/29/2015,1050,1119,48,2,-81,899
9/30/2015,1051,1120,48,2,-80,900
10/1/2015,1052,1121,48,2,-81,901
10/2/2015,1053,1122,49,2,-79,901
10/3/2015,1054,1123,49,2,-79,900
10/4/2015,1055,1124,50,2,-80,900
10/6/2015,1056,1125,50,2,-79,900
10/7/2015,1057,1126,51,2,-79,901
10/8/2015,1058,1127,51,2,-80,901
10/9/2015,1059,1128,52,2,-79,902
10/10/2015,1060,1129,52,2,-80,902
10/11/2015,1061,1130,53,2,-81,902
10/12/2015,1062,1131,53,2,-81,902
10/13/2015,1063,1132,53,2,-82,902
10/14/2015,1064,1133,54,2,-82,902
10/15/2015,1065,1134,54,2,-80,902
10/16/2015,1069,1135,55,2,-81,901
10/17/2015,1066,1136,55,2,-82,901
10/18/2015,1068,1137,56,2,-81,901
10/19/2015,1067,1138,56,2,-82,901
10/20/2015,1070,1139,57,2,-80,901
10/21/2015,1071,1140,57,2,-81,901
10/22/2015,1072,1141,57,2,-82,902
10/23/2015,1073,1142,58,2,-82,902
10/24/2015,1074,1143,58,2,-82,901
10/25/2015,1075,1144,59,2,-82,902
10/26/2015,1076,1145,59,2,-82,903
10/27/2015,1077,1146,60,3,-82,902
10/28/2015,1078,1147,60,3,-80,901
10/29/2015,1080,1148,61,3,-80,901
10/30/2015,1079,1149,61,3,-81,902
10/31/2015,1081,1150,62,3,-82,902
11/1/2015,1082,1151,62,3,-82,901
11/2/2015,1086,1152,62,3,-80,901
11/3/2015,1083,1153,63,3,-82,900
11/4/2015,1088,1154,63,3,-84,900
11/5/2015,1084,1155,64,3,-84,900
11/6/2015,1085,1156,64,3,-84,900
11/7/2015,1087,1157,65,3,-82,900
11/8/2015,1089,1158,65,3,-82,898
11/9/2015,1090,1159,66,3,-82,898
11/10/2015,1091,1160,66,3,-80,899
11/12/2015,1092,1161,66,3,-83,898
11/13/2015,1093,1162,67,3,-84,897
11/14/2015,1094,1163,67,3,-86,896
11/15/2015,1095,1164,68,3,-86,896
11/16/2015,1096,1165,68,3,-84,897
11/17/2015,1097,1166,69,3,-84,895
11/18/2015,1098,1167,69,3,-84,894
11/19/2015,1102,1168,70,3,-84,894
11/20/2015,1100,1169,70,3,-89,894
11/21/2015,1101,1170,71,3,-85,893
11/22/2015,1099,1171,71,3,-87,892
11/23/2015,1104,1172,71,3,-87,892
11/24/2015,1103,1173,72,3,-87,892
11/25/2015,1105,1174,72,3,-85,891
11/26/2015,1106,1175,73,3,-85,890
11/27/2015,1107,1176,73,3,-84,890
11/28/2015,1108,1177,74,3,-84,888
11/29/2015,1109,1178,74,3,-86,888
11/30/2015,1110,1179,75,3,-85,887
12/1/2015,1111,1180,75,3,-86,886
12/2/2015,1112,1181,75,3,-86,885
12/3/2015,1114,1182,76,3,-85,884
12/4/2015,1113,1183,76,3,-86,883
12/5/2015,1115,1184,77,3,-85,882
12/6/2015,1116,1185,77,3,-84,881
12/7/2015,1117,1186,78,3,-86,881
12/8/2015,1118,1187,78,3,-84,881
12/9/2015,1119,1188,79,3,-90,881
12/10/2015,1120,1189,79,3,-87,879
12/11/2015,1121,1190,79,3,-87,877
12/12/2015,1122,1191,80,3,-87,876
12/13/2015,1123,1192,80,3,-86,876
12/14/2015,1124,1193,81,3,-84,875
12/15/2015,1125,1194,81,3,-84,873
12/16/2015,1126,1195,82,3,-86,872
12/17/2015,1129,1196,82,3,-86,871
12/18/2015,1127,1197,83,3,-85,869
12/20/2015,1128,1198,83,3,-86,868
12/21/2015,1130,1199,84,3,-86,868
12/22/2015,1131,1200,84,3,-84,866
12/23/2015,1132,1201,84,3,-85,866
12/24/2015,1133,1202,85,3,-85,864
12/25/2015,1136,1203,85,3,-85,863
12/26/2015,1135,1204,86,3,-84,862
12/27/2015,1134,1205,86,3,-86,861
12/28/2015,1137,1206,87,3,-85,859
12/29/2015,1138,1207,87,3,-85,858
12/30/2015,1139,1208,88,3,-85,857
12/31/2015,1141,1209,88,3,-85,855
1/1/2016,1140,1210,88,3,-85,854
1/2/2016,1142,1211,89,3,-83,853
1/3/2016,1143,1212,89,3,-86,851
1/4/2016,1145,1213,90,4,-84,851
1/5/2016,1144,1214,90,4,-85,849
1/6/2016,1146,1215,91,4,-85,848
1/7/2016,1147,1216,91,4,-86,847
1/8/2016,1148,1217,92,4,-88,846
1/9/2016,1149,1218,92,4,-86,845
1/10/2016,1150,1219,93,4,-87,844
1/11/2016,1151,1220,93,4,-87,842
1/12/2016,1152,1221,93,4,-87,841
1/13/2016,1153,1222,94,4,-87,840
1/14/2016,1155,1223,94,4,-88,839
1/15/2016,1154,1224,95,4,-88,837
1/16/2016,1156,1225,95,4,-87,836
1/17/2016,1157,1226,96,4,-87,835
1/18/2016,1158,1227,96,4,-88,833
1/19/2016,1159,1228,97,4,-88,832
1/20/2016,1160,1229,97,4,-88,831
1/21/2016,1161,1230,98,4,-88,830
1/22/2016,1162,1231,98,4,-88,828
1/23/2016,1163,1232,99,4,-88,827
1/24/2016,1164,1233,99,4,-88,826
1/26/2016,1166,1234,99,4,-88,824
1/27/2016,1165,1235,100,4,-88,824
1/28/2016,1170,1236,100,4,-87,822
1/29/2016,1169,1237,101,4,-88,820
1/30/2016,1167,1238,101,4,-87,819
1/31/2016,1168,1239,102,4,-89,818
2/1/2016,1171,1240,102,4,-87,816
2/2/2016,1172,1241,103,4,-87,816
2/3/2016,1173,1242,103,4,-87,815
2/4/2016,1174,1243,104,4,-86,814
2/5/2016,1175,1244,104,4,-85,812
2/6/2016,1176,1245,105,4,-86,811
2/7/2016,1178,1246,105,4,-85,810
2/8/2016,1177,1247,105,4,-85,809
2/9/2016,1179,1248,106,4,-86,807
2/10/2016,1180,1249,106,4,-85,806
2/11/2016,1182,1250,107,4,-85,804
2/12/2016,1185,1251,107,4,-85,803
2/13/2016,1184,1252,108,4,-85,802
2/14/2016,1181,1253,108,4,-85,800
2/15/2016,1183,1254,109,4,-84,799
2/16/2016,1187,1255,109,4,-84,798
2/17/2016,1186,1256,110,4,-84,797
2/18/2016,1188,1257,110,4,-84,794
2/19/2016,1189,1258,111,4,-83,794
2/20/2016,1190,1259,111,4,-84,794
2/21/2016,1191,1260,112,4,-83,792
2/22/2016,1192,1261,112,4,-81,790
2/23/2016,1193,1262,112,4,-81,790
2/24/2016,1194,1263,113,4,-84,788
2/25/2016,1195,1264,113,4,-84,787
2/26/2016,1197,1265,114,4,-81,787
2/27/2016,1196,1266,114,4,-82,787
2/28/2016,1198,1267,115,4,-83,786
2/29/2016,1199,1268,115,4,-83,784
3/1/2016,1201,1269,116,4,-83,782
3/3/2016,1200,1270,116,4,-82,782
3/4/2016,1202,1271,117,4,-84,781
3/5/2016,1203,1272,117,4,-81,780
3/6/2016,1204,1273,118,4,-79,778
3/7/2016,1205,1274,118,4,-82,777
3/8/2016,1206,1275,119,4,-82,775
3/9/2016,1207,1276,119,4,-83,774
3/10/2016,1208,1277,120,5,-84,774
3/11/2016,1210,1278,120,5,-83,773
3/12/2016,1209,1279,121,5,-83,772
3/13/2016,1211,1280,121,5,-84,771
3/14/2016,1212,1281,122,5,-83,769
3/15/2016,1213,1282,122,5,-81,768
3/16/2016,1214,1283,123,5,-82,767
3/17/2016,1216,1284,123,5,-80,767
3/18/2016,1217,1285,123,5,-80,766
3/19/2016,1215,1286,124,5,-80,765
3/20/2016,1218,1287,124,5,-80,764
3/21/2016,1219,1288,125,5,-80,763
3/24/2016,1220,1291,126,5,-80,760
3/25/2016,1222,1292,127,5,-81,760
3/26/2016,1221,1293,127,5,-81,758
3/27/2016,1223,1294,128,5,-79,758
3/28/2016,1224,1295,128,5,-79,757
3/29/2016,1226,1296,129,5,-79,756
3/30/2016,1225,1297,129,5,-80,755
3/31/2016,1229,1298,130,5,-79,755
4/1/2016,1228,1299,130,5,-80,753
4/2/2016,1227,1300,131,5,-79,752
4/3/2016,1230,1301,131,5,-78,752
4/4/2016,1231,1302,132,5,-80,751
4/5/2016,1232,1303,132,5,-78,751
4/6/2016,1233,1304,133,5,-80,750
4/7/2016,1235,1305,133,5,-80,749
4/8/2016,1234,1306,134,5,-79,748
4/10/2016,1236,1307,134,5,-80,748
4/11/2016,1237,1308,135,5,-81,748
4/12/2016,1238,1309,135,5,-81,747
4/13/2016,1239,1310,136,5,-76,745
4/14/2016,1240,1311,136,5,-78,745
4/15/2016,1243,1312,137,5,-77,745
4/16/2016,1241,1313,137,5,-77,745
4/17/2016,1242,1314,138,5,-78,744
4/18/2016,1244,1315,138,5,-77,744
4/19/2016,1245,1316,139,5,-80,744
4/20/2016,1246,1317,139,5,-80,743
4/21/2016,1247,1318,140,5,-80,743
4/22/2016,1248,1319,140,5,-78,742
4/23/2016,1250,1320,141,5,-77,741
4/24/2016,1249,1321,141,5,-77,740
4/25/2016,1251,1322,142,5,-78,740
4/26/2016,1252,1323,142,5,-77,738
4/27/2016,1253,1324,143,5,-78,738
4/28/2016,1256,1325,144,5,-78,738
4/29/2016,1254,1326,144,5,-77,738
4/30/2016,1255,1327,145,5,-76,736
5/1/2016,1257,1328,145,5,-77,735
5/2/2016,1258,1329,146,5,-74,735
5/3/2016,1259,1330,146,5,-78,734
5/4/2016,1260,1331,147,5,-76,734
5/5/2016,1262,1332,147,5,-78,734
5/6/2016,1263,1333,148,5,-76,733
5/7/2016,1261,1334,148,5,-77,732
5/8/2016,1264,1335,149,5,-77,732
5/9/2016,1265,1336,149,5,-75,732
5/10/2016,1266,1337,150,6,-76,734
5/11/2016,1267,1338,150,6,-75,734
5/12/2016,1268,1339,151,6,-77,733
5/13/2016,1269,1340,151,6,-76,734
5/14/2016,1270,1341,152,6,-76,735
5/15/2016,1271,1342,152,6,-80,735
5/17/2016,1272,1343,153,6,-74,735
5/18/2016,1273,1344,153,6,-75,734
5/19/2016,1276,1345,154,6,-75,735
5/20/2016,1274,1346,155,6,-75,737
5/21/2016,1277,1347,155,6,-75,736
5/22/2016,1275,1348,156,6,-76,735
5/23/2016,1278,1349,156,6,-73,737
5/24/2016,1279,1350,157,6,-73,738
5/25/2016,1280,1351,157,6,-72,739
5/26/2016,1283,1352,158,6,-73,736
5/27/2016,1281,1353,158,6,-76,737
5/28/2016,1282,1354,159,6,-75,739
5/29/2016,1284,1355,159,6,-75,740
5/30/2016,1286,1356,160,6,-74,739
5/31/2016,1285,1357,160,6,-72,738
6/1/2016,1287,1358,161,6,-74,738
6/2/2016,1288,1359,162,6,-76,739
6/3/2016,1289,1360,162,6,-76,739
6/4/2016,1290,1361,163,6,-75,739
6/5/2016,1291,1362,163,6,-74,739
6/6/2016,1292,1363,164,6,-75,740
6/7/2016,1293,1364,164,6,-74,740
6/8/2016,1294,1365,165,6,-74,739
6/9/2016,1295,1366,165,6,-75,740
6/10/2016,1296,1367,166,6,-74,743
6/11/2016,1297,1368,167,6,-74,743
6/12/2016,1299,1369,167,6,-73,742
6/13/2016,1298,1370,168,6,-74,744
6/14/2016,1301,1371,168,6,-75,746
6/15/2016,1300,1372,169,6,-74,745
6/16/2016,1303,1373,169,6,-74,746
6/17/2016,1302,1374,170,6,-75,748
6/18/2016,1304,1375,170,6,-73,749
6/19/2016,1305,1376,171,6,-75,749
6/20/2016,1306,1377,172,6,-76,749
6/21/2016,1308,1378,172,6,-76,751
6/23/2016,1307,1379,173,6,-77,751
6/24/2016,1311,1380,173,6,-74,751
6/25/2016,1309,1381,174,6,-73,751
6/26/2016,1310,1382,174,6,-76,752
6/27/2016,1312,1383,175,6,-73,752
6/28/2016,1313,1384,176,6,-74,753
6/29/2016,1314,1385,176,6,-75,755
6/30/2016,1315,1386,177,6,-74,755
7/1/2016,1316,1387,177,6,-74,755
7/2/2016,1317,1388,178,6,-73,756
7/12/2016,1318,1398,184,7,-66,751
7/13/2016,1319,1399,184,7,-73,770
7/14/2016,1322,1400,185,7,-73,770
7/15/2016,1321,1401,185,7,-73,770
7/16/2016,1320,1402,186,7,-75,771
7/17/2016,1323,1403,187,7,-75,771
7/18/2016,1324,1404,187,7,-75,774
7/19/2016,1325,1405,188,7,-75,775
7/20/2016,1328,1406,188,7,-76,775
7/21/2016,1329,1407,189,7,-74,779
7/22/2016,1327,1408,190,7,-75,779
7/23/2016,1326,1409,190,7,-74,781
7/24/2016,1330,1410,191,7,-72,782
7/25/2016,1331,1411,191,7,-72,782
7/26/2016,1333,1412,192,7,-78,784
7/27/2016,1332,1413,193,7,-72,784
7/28/2016,1336,1414,193,7,-73,785
7/29/2016,1334,1415,194,7,-72,787
7/31/2016,1335,1416,194,7,-72,791
8/1/2016,1337,1417,195,7,-70,791
8/2/2016,1338,1418,196,7,-73,793
8/3/2016,1339,1419,196,7,-73,793
8/4/2016,1340,1420,197,7,-71,793
8/5/2016,1343,1421,197,7,-72,797
8/6/2016,1342,1422,198,7,-72,798
8/7/2016,1341,1423,199,7,-71,800
8/8/2016,1344,1424,199,7,-72,803
8/9/2016,1345,1425,200,7,-72,804
8/10/2016,1346,1426,200,7,-71,803
8/11/2016,1347,1427,201,7,-72,807
8/12/2016,1348,1428,202,7,-72,808
8/13/2016,1349,1429,202,7,-70,810
8/14/2016,1351,1430,203,7,-69,810
8/15/2016,1350,1431,204,7,-69,811
8/16/2016,1352,1432,204,7,-71,813
8/17/2016,1353,1433,205,7,-70,818
8/18/2016,1356,1434,205,7,-70,818
8/19/2016,1355,1435,206,7,-71,823
8/20/2016,1354,1436,207,7,-72,825
8/21/2016,1357,1437,207,7,-71,821
8/22/2016,1358,1438,208,7,-68,823
8/23/2016,1360,1439,208,7,-71,828
8/24/2016,1359,1440,209,7,-70,828
8/25/2016,1361,1441,210,8,-74,828
8/26/2016,1362,1442,210,8,-68,829
8/27/2016,1363,1443,211,8,-69,831
8/28/2016,1364,1444,212,8,-69,833
8/29/2016,1365,1445,212,8,-69,836
8/30/2016,1366,1446,213,8,-70,841
8/31/2016,1367,1447,214,8,-74,841
9/1/2016,1369,1448,214,8,-69,841
9/2/2016,1368,1449,215,8,-71,841
9/3/2016,1370,1450,215,8,-69,842
9/4/2016,1371,1451,216,8,-71,842
9/6/2016,1373,1452,217,8,-74,845
9/7/2016,1372,1453,217,8,-73,850
9/8/2016,1374,1454,218,8,-69,854
9/9/2016,1377,1455,219,8,-70,858
9/10/2016,1376,1456,219,8,-69,859
9/11/2016,1375,1457,220,8,-69,860
9/12/2016,1378,1458,220,8,-69,859
9/13/2016,1379,1459,221,8,-71,861
9/14/2016,1380,1460,222,8,-70,865
9/15/2016,1382,1461,222,8,-69,870
9/16/2016,1381,1462,223,8,-68,871
9/17/2016,1383,1463,224,8,-68,871
9/18/2016,1384,1464,224,8,-71,871
9/19/2016,1385,1465,225,8,-68,870
9/20/2016,1386,1466,226,8,-67,873
9/21/2016,1387,1467,226,8,-69,877
9/22/2016,1388,1468,227,8,-70,879
9/23/2016,1389,1469,228,8,-72,881
9/24/2016,1391,1470,228,8,-70,879
9/25/2016,1392,1471,229,8,-71,880
9/26/2016,1390,1472,229,8,-68,879
9/27/2016,1393,1473,230,8,-67,881
9/28/2016,1394,1474,231,8,-68,889
9/29/2016,1396,1475,231,8,-72,890
9/30/2016,1395,1476,232,8,-69,888
10/1/2016,1397,1477,233,8,-72,888
10/2/2016,1399,1478,233,8,-68,887
10/3/2016,1398,1479,234,8,-66,890
10/4/2016,1400,1480,235,8,-68,893
10/5/2016,1401,1481,235,8,-70,893
10/6/2016,1403,1482,236,8,-68,893
10/7/2016,1402,1483,237,8,-68,892
10/8/2016,1404,1484,237,8,-68,895
10/9/2016,1405,1485,238,8,-71,899
10/10/2016,1406,1486,239,8,-71,901
10/11/2016,1407,1487,239,8,-68,901
10/12/2016,1408,1488,240,9,-69,902
10/14/2016,1410,1489,240,9,-68,903
10/15/2016,1411,1490,241,9,-66,904
10/16/2016,1409,1491,242,9,-69,906
10/17/2016,1412,1492,242,9,-68,910
10/18/2016,1413,1493,243,9,-70,905
10/19/2016,1414,1494,244,9,-70,904
10/20/2016,1416,1495,244,9,-71,903
10/21/2016,1415,1496,245,9,-72,906
10/22/2016,1417,1497,246,9,-68,909
10/23/2016,1418,1498,246,9,-68,907
10/24/2016,1419,1499,247,9,-69,903
10/25/2016,1420,1500,248,9,-70,903
10/26/2016,1421,1501,248,9,-69,903
10/27/2016,1422,1502,249,9,-69,907
10/28/2016,1424,1503,250,9,-70,909
10/29/2016,1423,1504,250,9,-69,910
10/30/2016,1425,1505,251,9,-69,906
10/31/2016,1426,1506,252,9,-71,907
11/1/2016,1427,1507,252,9,-70,907
11/2/2016,1428,1508,253,9,-70,907
11/3/2016,1430,1509,254,9,-70,910
11/4/2016,1431,1510,254,9,-70,908
11/5/2016,1429,1511,255,9,-77,908
11/6/2016,1432,1512,255,9,-78,906
11/7/2016,1433,1513,256,9,-74,907
11/8/2016,1434,1514,257,9,-73,906
11/9/2016,1435,1515,257,9,-76,906
11/10/2016,1436,1516,258,9,-71,909
11/11/2016,1437,1517,259,9,-76,911
11/12/2016,1438,1518,259,9,-78,909
11/13/2016,1440,1519,260,9,-72,906
11/14/2016,1439,1520,261,9,-73,905
11/15/2016,1441,1521,261,9,-71,905
11/16/2016,1442,1522,262,9,-71,905
11/17/2016,1443,1523,263,9,-77,905
11/18/2016,1444,1524,263,9,-76,904
11/20/2016,1445,1525,264,9,-74,902
11/21/2016,1446,1526,265,9,-72,900
11/22/2016,1449,1527,265,9,-71,900
11/23/2016,1450,1528,266,9,-72,898
11/24/2016,1451,1529,267,9,-73,900
11/25/2016,1452,1530,267,9,-71,899
11/26/2016,1447,1531,268,9,-76,900
11/27/2016,1448,1532,268,9,-72,900
11/28/2016,1453,1533,269,9,-72,896
11/29/2016,1454,1534,270,10,-73,898
11/30/2016,1455,1535,270,10,-73,900
12/1/2016,1456,1536,271,10,-71,901
12/2/2016,1458,1537,272,10,-74,900
12/3/2016,1457,1538,272,10,-73,898
12/4/2016,1459,1539,273,10,-74,896
12/5/2016,1460,1540,274,10,-72,896
12/6/2016,1461,1541,274,10,-76,895
12/7/2016,1462,1542,275,10,-73,895
12/8/2016,1464,1543,276,10,-74,896
12/9/2016,1463,1544,276,10,-71,894
12/10/2016,1465,1545,277,10,-73,891
12/11/2016,1467,1546,277,10,-73,889
12/12/2016,1466,1547,278,10,-75,887
12/13/2016,1468,1548,279,10,-76,887
12/14/2016,1469,1549,279,10,-76,887
12/15/2016,1472,1550,280,10,-71,888
12/16/2016,1471,1551,281,10,-71,886
12/17/2016,1470,1552,281,10,-74,886
12/18/2016,1474,1553,282,10,-77,884
12/19/2016,1473,1554,283,10,-70,882
12/20/2016,1477,1555,283,10,-71,883
12/21/2016,1478,1556,284,10,-72,883
12/22/2016,1475,1557,284,10,-70,883
12/23/2016,1476,1558,285,10,-72,880
12/24/2016,1484,1559,286,10,-76,879
12/25/2016,1482,1560,286,10,-76,877
12/27/2016,1485,1561,287,10,-77,877
12/28/2016,1479,1562,288,10,-73,877
12/29/2016,1483,1563,288,10,-75,879
12/30/2016,1481,1564,289,10,-70,877
12/31/2016,1480,1565,290,10,-72,874
1/1/2017,1487,1566,290,10,-76,876
1/2/2017,1486,1567,291,10,-70,872
1/3/2017,1488,1568,291,10,-71,876
1/4/2017,1492,1569,292,10,-70,873
1/5/2017,1491,1570,293,10,-71,873
1/6/2017,1490,1571,293,10,-70,873
1/7/2017,1489,1572,294,10,-81,869
1/8/2017,1493,1573,295,10,-74,872
1/9/2017,1495,1574,295,10,-72,868
1/10/2017,1494,1575,296,10,-73,871
1/11/2017,1496,1576,296,10,-72,869
1/12/2017,1498,1577,297,10,-72,866
1/13/2017,1499,1578,298,10,-74,868
1/14/2017,1500,1579,298,10,-73,862
1/15/2017,1497,1580,299,10,-72,867
1/16/2017,1501,1581,299,10,-72,862
1/17/2017,1503,1582,300,11,-74,862
1/18/2017,1502,1583,301,11,-75,862
1/19/2017,1505,1584,301,11,-77,860
1/20/2017,1506,1585,302,11,-76,864
1/21/2017,1504,1586,303,11,-72,858
1/22/2017,1508,1587,303,11,-73,860
1/23/2017,1507,1588,304,11,-72,858
1/24/2017,1510,1589,304,11,-72,857
1/25/2017,1509,1590,305,11,-76,860
1/26/2017,1512,1591,306,11,-73,852
1/27/2017,1511,1592,306,11,-71,857
1/28/2017,1513,1593,307,11,-72,852
1/29/2017,1514,1594,307,11,-74,855
1/30/2017,1515,1595,308,11,-71,855
1/31/2017,1516,1596,309,11,-74,850
2/1/2017,1517,1597,309,11,-73,855
2/3/2017,1519,1598,310,11,-70,849
2/4/2017,1518,1599,310,11,-72,853
2/5/2017,1520,1600,311,11,-71,850
2/6/2017,1522,1601,312,11,-71,853
2/7/2017,1521,1602,312,11,-77,852
2/8/2017,1523,1603,313,11,-76,847
2/9/2017,1524,1604,313,11,-77,850
2/10/2017,1526,1605,314,11,-73,846
2/11/2017,1525,1606,315,11,-75,850
2/12/2017,1528,1607,315,11,-77,846
2/13/2017,1527,1608,316,11,-72,847
2/14/2017,1529,1609,316,11,-71,847
2/18/2017,1534,1613,319,11,-72,846
2/19/2017,1533,1614,319,11,-73,837
2/20/2017,1536,1615,320,11,-73,842
2/21/2017,1535,1616,320,11,-73,848
2/22/2017,1537,1617,321,11,-72,840
2/23/2017,1540,1618,322,11,-71,845
2/24/2017,1538,1619,322,11,-73,841
2/25/2017,1539,1620,323,11,-70,844
2/26/2017,1541,1621,323,11,-73,842
2/27/2017,1542,1622,324,11,-71,841
2/28/2017,1544,1623,324,11,-71,840
3/1/2017,1543,1624,325,11,-72,837
3/2/2017,1546,1625,326,11,-71,839
3/3/2017,1545,1626,326,11,-71,839
3/4/2017,1547,1627,327,11,-72,838
3/5/2017,1549,1628,327,11,-71,839
3/6/2017,1548,1629,328,11,-74,837
3/7/2017,1551,1630,328,11,-77,838
3/8/2017,1550,1631,329,11,-77,837
3/9/2017,1552,1632,330,12,-72,836
3/10/2017,1554,1633,330,12,-75,834
3/12/2017,1553,1634,331,12,-72,834
3/13/2017,1555,1635,331,12,-73,833
3/14/2017,1556,1636,332,12,-72,834
3/15/2017,1557,1637,332,12,-73,833
3/16/2017,1559,1638,333,12,-73,833
3/17/2017,1558,1639,334,12,-71,832
3/18/2017,1561,1640,334,12,-72,832
3/19/2017,1560,1641,335,12,-72,831
3/20/2017,1564,1642,335,12,-72,829
3/21/2017,1563,1643,336,12,-74,832
3/22/2017,1562,1644,336,12,-74,832
3/23/2017,1567,1645,337,12,-74,832
3/24/2017,1565,1646,337,12,-74,831
3/25/2017,1566,1647,338,12,-73,831
3/26/2017,1568,1648,339,12,-73,830
3/27/2017,1569,1649,339,12,-74,830
3/28/2017,1570,1650,340,12,-75,833
3/29/2017,1571,1651,340,12,-77,833
3/30/2017,1572,1652,341,12,-76,834
3/31/2017,1573,1653,341,12,-75,833
4/1/2017,1575,1654,342,12,-75,829
4/2/2017,1574,1655,342,12,-76,831
4/3/2017,1576,1656,343,12,-75,832
4/4/2017,1578,1657,343,12,-75,836
4/5/2017,1577,1658,344,12,-77,835
4/6/2017,1579,1659,345,12,-77,832
4/7/2017,1581,1660,345,12,-74,832
4/8/2017,1580,1661,346,12,-75,831
4/9/2017,1583,1662,346,12,-75,831
4/10/2017,1584,1663,347,12,-74,832
4/11/2017,1586,1664,347,12,-74,832
4/12/2017,1585,1665,348,12,-76,833
4/13/2017,1582,1666,348,12,-76,834
4/14/2017,1588,1667,349,12,-76,833
4/15/2017,1587,1668,349,12,-77,831
4/16/2017,1589,1669,350,12,-74,833
4/18/2017,1590,1670,350,12,-76,834
4/19/2017,1591,1671,351,12,-76,832
4/20/2017,1592,1672,351,12,-74,833
4/21/2017,1594,1673,352,12,-75,836
4/22/2017,1593,1674,352,12,-75,835
4/23/2017,1595,1675,353,12,-75,835
4/24/2017,1596,1676,354,12,-76,837
4/25/2017,1597,1677,354,12,-74,835
4/26/2017,1598,1678,355,12,-74,836
4/27/2017,1599,1679,355,12,-75,836
4/28/2017,1601,1680,356,12,-74,835
4/29/2017,1602,1681,356,12,-74,837
4/30/2017,1603,1682,357,12,-76,839
5/1/2017,1600,1683,357,12,-75,837
5/2/2017,1604,1684,358,12,-75,837
5/3/2017,1605,1685,358,12,-77,838
5/4/2017,1607,1686,359,12,-75,838
5/5/2017,1608,1687,359,12,-75,838
5/6/2017,1606,1688,0,1,-76,840
5/7/2017,1610,1689,0,1,-75,840
5/8/2017,1609,1690,1,1,-76,840
5/10/2017,1614,1692,2,1,-62,820
5/11/2017,1612,1693,2,1,-76,840
5/12/2017,1613,1694,3,1,-76,840
5/13/2017,1611,1695,3,1,-77,840
5/14/2017,1615,1696,4,1,-75,841
5/15/2017,1616,1697,4,1,-77,841
5/16/2017,1618,1698,5,1,-77,842
5/17/2017,1617,1699,5,1,-76,843
5/18/2017,1619,1700,6,1,-76,842
5/19/2017,1620,1701,6,1,-76,841
5/20/2017,1621,1702,7,1,-75,842
5/21/2017,1622,1703,7,1,-76,843
5/22/2017,1625,1704,8,1,-77,844
5/23/2017,1623,1705,8,1,-76,845
5/24/2017,1624,1706,9,1,-77,845
5/26/2017,1627,1707,9,1,-77,846
5/27/2017,1626,1708,10,1,-76,846
5/28/2017,1628,1709,10,1,-76,847
5/29/2017,1629,1710,11,1,-76,848
5/30/2017,1631,1711,11,1,-75,848
5/31/2017,1630,1712,12,1,-77,849
6/1/2017,1635,1713,12,1,-75,850
6/2/2017,1633,1714,13,1,-77,849
6/3/2017,1634,1715,13,1,-77,851
6/4/2017,1632,1716,14,1,-76,850
6/5/2017,1636,1717,14,1,-76,851
6/6/2017,1637,1718,15,1,-77,852
6/7/2017,1639,1719,15,1,-77,853
6/8/2017,1638,1720,16,1,-76,853
6/9/2017,1641,1721,16,1,-76,852
6/10/2017,1640,1722,17,1,-77,854
6/11/2017,1642,1723,17,1,-76,854
6/12/2017,1643,1724,18,1,-77,856
6/13/2017,1644,1725,18,1,-79,857
6/14/2017,1645,1726,19,1,-76,855
6/15/2017,1647,1727,19,1,-75,855
6/16/2017,1648,1728,20,1,-76,855
6/17/2017,1646,1729,20,1,-76,858
6/18/2017,1650,1730,21,1,-77,858
6/19/2017,1649,1731,21,1,-78,857
6/20/2017,1651,1732,22,1,-78,858
6/21/2017,1652,1733,22,1,-77,859
6/22/2017,1655,1734,23,1,-78,859
6/23/2017,1653,1735,23,1,-78,861
6/24/2017,1654,1736,23,1,-77,860
6/25/2017,1656,1737,24,1,-78,861
6/26/2017,1657,1738,24,1,-78,861
6/27/2017,1658,1739,25,1,-77,861
6/28/2017,1662,1740,25,1,-78,861
6/29/2017,1659,1741,26,1,-78,863
6/30/2017,1661,1742,26,1,-77,865
7/2/2017,1660,1743,27,1,-78,863
7/3/2017,1663,1744,27,1,-78,863
7/4/2017,1664,1745,28,1,-78,865
7/5/2017,1665,1746,28,1,-76,866
7/6/2017,1666,1747,29,1,-79,866
7/7/2017,1668,1748,29,1,-79,867
7/8/2017,1667,1749,30,2,-76,867
7/9/2017,1669,1750,30,2,-77,867
7/10/2017,1670,1751,31,2,-78,867
7/11/2017,1671,1752,31,2,-80,867
7/12/2017,1672,1753,32,2,-76,868
7/13/2017,1673,1754,32,2,-78,870
7/14/2017,1674,1755,32,2,-77,870
7/15/2017,1675,1756,33,2,-78,871
7/16/2017,1676,1757,33,2,-78,871
7/17/2017,1677,1758,34,2,-78,871
7/18/2017,1678,1759,34,2,-77,871
7/19/2017,1679,1760,35,2,-78,872
7/20/2017,1684,1761,35,2,-77,872
7/21/2017,1687,1762,36,2,-77,872
7/22/2017,1680,1763,36,2,-78,873
7/23/2017,1682,1764,37,2,-79,872
7/24/2017,1690,1765,37,2,-77,873
7/25/2017,1688,1766,38,2,-79,873
7/26/2017,1691,1767,38,2,-77,874
7/27/2017,1683,1768,39,2,-78,875
7/28/2017,1689,1769,39,2,-76,875
7/29/2017,1686,1770,39,2,-79,875
7/30/2017,1692,1771,40,2,-79,876
7/31/2017,1681,1772,40,2,-78,876
8/1/2017,1685,1773,41,2,-78,876
8/2/2017,1693,1774,41,2,-79,877
8/3/2017,1694,1775,42,2,-80,877
8/4/2017,1696,1776,42,2,-79,877
8/5/2017,1695,1777,43,2,-79,877
8/6/2017,1697,1778,43,2,-81,877
8/7/2017,1698,1779,44,2,-78,878
8/9/2017,1699,1780,44,2,-77,879
8/10/2017,1700,1781,45,2,-78,879
8/11/2017,1701,1782,45,2,-78,878
8/12/2017,1703,1783,45,2,-79,879
8/13/2017,1702,1784,46,2,-80,883
8/14/2017,1704,1785,46,2,-77,881
8/16/2017,1705,1787,47,2,-79,881
8/17/2017,1706,1788,48,2,-79,881
8/18/2017,1708,1789,48,2,-79,881
8/19/2017,1707,1790,49,2,-81,882
8/20/2017,1709,1791,49,2,-79,882
8/21/2017,1710,1792,50,2,-80,883
8/22/2017,1711,1793,50,2,-80,883
8/23/2017,1712,1794,50,2,-80,883
8/24/2017,1714,1795,51,2,-81,882
8/25/2017,1715,1796,51,2,-80,883
8/26/2017,1713,1797,52,2,-79,884
8/27/2017,1716,1798,52,2,-79,883
8/28/2017,1717,1799,53,2,-78,883
8/29/2017,1718,1800,53,2,-80,883
8/30/2017,1719,1801,54,2,-80,882
8/31/2017,1722,1802,54,2,-79,882
9/1/2017,1723,1803,55,2,-78,882
9/2/2017,1720,1804,55,2,-78,883
9/3/2017,1721,1805,55,2,-78,883
9/4/2017,1724,1806,56,2,-80,884
9/5/2017,1725,1807,56,2,-78,884
9/6/2017,1726,1808,57,2,-79,884
9/7/2017,1728,1809,57,2,-80,884
9/8/2017,1729,1810,58,2,-78,883
9/9/2017,1727,1811,58,2,-79,882
9/10/2017,1730,1812,59,2,-79,882
9/11/2017,1731,1813,59,2,-80,881
9/12/2017,1732,1814,59,2,-80,881
9/13/2017,1733,1815,60,3,-81,881
9/15/2017,1734,1816,60,3,-82,882
9/16/2017,1735,1817,61,3,-80,882
9/17/2017,1736,1818,61,3,-81,881
9/18/2017,1737,1819,62,3,-82,880
9/19/2017,1738,1820,62,3,-79,881
9/20/2017,1740,1821,63,3,-81,882
9/21/2017,1739,1822,63,3,-78,881
9/22/2017,1743,1823,64,3,-80,879
9/23/2017,1742,1824,64,3,-80,879
9/24/2017,1741,1825,64,3,-80,878
9/25/2017,1744,1826,65,3,-80,878
9/26/2017,1745,1827,65,3,-80,879
9/27/2017,1746,1828,66,3,-80,878
9/28/2017,1749,1829,66,3,-78,877
9/29/2017,1748,1830,67,3,-80,877
9/30/2017,1747,1831,67,3,-80,876
10/1/2017,1750,1832,68,3,-84,875
10/2/2017,1751,1833,68,3,-81,875
10/3/2017,1752,1834,68,3,-80,875
10/4/2017,1753,1835,69,3,-80,873
10/5/2017,1755,1836,69,3,-81,873
10/6/2017,1756,1837,70,3,-81,872
10/7/2017,1754,1838,70,3,-79,872
10/8/2017,1757,1839,71,3,-80,872
10/9/2017,1758,1840,71,3,-77,871
10/10/2017,1759,1841,72,3,-77,870
10/11/2017,1761,1842,72,3,-79,869
10/12/2017,1760,1843,72,3,-80,869
10/13/2017,1762,1844,73,3,-81,869
10/14/2017,1763,1845,73,3,-80,868
10/15/2017,1765,1846,74,3,-80,868
10/16/2017,1764,1847,74,3,-80,866
10/17/2017,1766,1848,75,3,-80,865
10/18/2017,1770,1849,75,3,-80,864
10/19/2017,1768,1850,76,3,-80,864
10/20/2017,1767,1851,76,3,-87,864
10/22/2017,1769,1852,77,3,-80,863
10/23/2017,1771,1853,77,3,-80,862
10/24/2017,1772,1854,77,3,-80,861
10/25/2017,1773,1855,78,3,-78,861
10/26/2017,1774,1856,78,3,-80,859
10/27/2017,1776,1857,79,3,-80,858
10/28/2017,1775,1858,79,3,-81,857
10/29/2017,1779,1859,80,3,-79,857
10/30/2017,1778,1860,80,3,-80,857
10/31/2017,1780,1861,81,3,-79,855
11/1/2017,1777,1862,81,3,-81,854
11/2/2017,1781,1863,81,3,-80,853
11/3/2017,1782,1864,82,3,-82,852
11/4/2017,1783,1865,82,3,-80,852
11/5/2017,1785,1866,83,3,-80,850
11/6/2017,1784,1867,83,3,-78,848
11/7/2017,1786,1868,84,3,-80,848
11/8/2017,1787,1869,84,3,-81,846
11/9/2017,1788,1870,85,3,-81,845
11/10/2017,1789,1871,85,3,-80,844
11/11/2017,1791,1872,86,3,-79,843
11/12/2017,1790,1873,86,3,-79,842
11/13/2017,1792,1874,86,3,-80,840
11/14/2017,1793,1875,87,3,-79,839
11/15/2017,1794,1876,87,3,-79,838
11/16/2017,1797,1877,88,3,-79,837
11/17/2017,1795,1878,88,3,-79,835
11/18/2017,1796,1879,89,3,-79,834
11/19/2017,1798,1880,89,3,-79,833
11/20/2017,1803,1881,90,4,-79,832
11/21/2017,1801,1882,90,4,-78,831
11/22/2017,1800,1883,91,4,-78,830
11/23/2017,1799,1884,91,4,-79,829
11/24/2017,1804,1885,91,4,-79,827
11/25/2017,1805,1886,92,4,-79,826
11/26/2017,1802,1887,92,4,-79,824
11/27/2017,1807,1888,93,4,-79,823
11/29/2017,1806,1889,93,4,-80,822
11/30/2017,1808,1890,94,4,-79,821
12/1/2017,1810,1891,94,4,-80,819
12/2/2017,1809,1892,95,4,-81,817
12/3/2017,1812,1893,95,4,-79,816
12/4/2017,1811,1894,96,4,-79,815
12/5/2017,1814,1895,96,4,-78,814
12/6/2017,1813,1896,96,4,-79,812
12/7/2017,1817,1897,97,4,-80,811
12/8/2017,1816,1898,97,4,-81,810
12/9/2017,1815,1899,98,4,-81,808
12/10/2017,1818,1900,98,4,-81,807
12/11/2017,1819,1901,99,4,-81,806
12/12/2017,1820,1902,99,4,-79,804
12/13/2017,1821,1903,100,4,-78,803
12/14/2017,1822,1904,100,4,-79,801
12/15/2017,1823,1905,101,4,-80,800
12/16/2017,1824,1906,101,4,-79,799
12/17/2017,1825,1907,101,4,-79,798
12/18/2017,1826,1908,102,4,-79,796
12/19/2017,1827,1909,102,4,-80,795
12/20/2017,1828,1910,103,4,-80,794
12/21/2017,1833,1911,103,4,-79,792
12/22/2017,1832,1912,104,4,-80,791
12/23/2017,1830,1913,104,4,-79,791
12/24/2017,1834,1914,105,4,-78,790
12/25/2017,1835,1915,105,4,-78,788
12/26/2017,1829,1916,106,4,-79,787
12/27/2017,1831,1917,106,4,-80,786
12/28/2017,1839,1918,107,4,-77,784
12/29/2017,1836,1919,107,4,-77,783
12/30/2017,1837,1920,108,4,-77,782
12/31/2017,1838,1921,108,4,-78,781
1/1/2018,1840,1922,108,4,-79,780
1/2/2018,1842,1923,109,4,-77,778
1/3/2018,1841,1924,109,4,-78,777
1/5/2018,1844,1925,110,4,-79,777
1/6/2018,1843,1926,110,4,-80,775
1/7/2018,1845,1927,111,4,-79,774
1/8/2018,1847,1928,111,4,-78,773
1/9/2018,1846,1929,112,4,-79,771
1/10/2018,1848,1930,112,4,-79,770
1/11/2018,1849,1931,113,4,-79,770
1/12/2018,1850,1932,113,4,-79,768
1/13/2018,1852,1933,114,4,-78,767
1/14/2018,1851,1934,114,4,-79,766
1/15/2018,1853,1935,115,4,-80,765
1/16/2018,1855,1936,115,4,-79,764
1/17/2018,1854,1937,116,4,-80,763
1/18/2018,1859,1938,116,4,-78,762
1/19/2018,1857,1939,116,4,-78,760
1/20/2018,1858,1940,117,4,-77,759
1/21/2018,1856,1941,117,4,-77,758
1/22/2018,1860,1942,118,4,-78,757
1/23/2018,1863,1943,118,4,-78,756
1/24/2018,1861,1944,119,4,-80,755
1/25/2018,1862,1945,119,4,-78,754
1/26/2018,1864,1946,120,5,-79,753
1/27/2018,1865,1947,120,5,-78,751
1/28/2018,1866,1948,121,5,-78,752
1/29/2018,1867,1949,121,5,-78,751
1/30/2018,1868,1950,122,5,-79,750
1/31/2018,1869,1951,122,5,-77,749
2/1/2018,1871,1952,123,5,-80,748
2/2/2018,1870,1953,123,5,-78,747
2/3/2018,1872,1954,124,5,-77,745
2/4/2018,1873,1955,124,5,-77,745
2/5/2018,1879,1956,125,5,-79,744
2/6/2018,1875,1957,125,5,-77,742
2/7/2018,1874,1958,126,5,-77,741
2/8/2018,1878,1959,126,5,-78,740
2/9/2018,1876,1960,127,5,-78,740
2/11/2018,1877,1961,127,5,-77,740
2/12/2018,1880,1962,128,5,-78,738
2/13/2018,1881,1963,128,5,-77,737
2/14/2018,1882,1964,129,5,-76,736
2/15/2018,1883,1965,129,5,-76,735
2/16/2018,1884,1966,130,5,-77,735
2/17/2018,1885,1967,130,5,-76,734
2/18/2018,1886,1968,131,5,-76,732
2/19/2018,1887,1969,131,5,-76,732
2/20/2018,1888,1970,132,5,-77,731
2/21/2018,1890,1971,132,5,-78,731
2/22/2018,1891,1972,133,5,-78,730
2/23/2018,1889,1973,133,5,-78,730
2/24/2018,1892,1974,134,5,-77,729
2/25/2018,1894,1975,134,5,-76,729
2/26/2018,1893,1976,135,5,-77,728
2/27/2018,1895,1977,135,5,-77,727
